video_id,title,channel,publish_time,views,likes,comments,country,date_collected
test001,20 Minute Full Body Workout,Sample Channel,2026-01-01T12:00:00Z,120000,6200,340,DE,2026-01-02
test002,Protein Breakfast Ideas,Sample Channel,2026-01-01T12:00:00Z,90000,5100,210,DE,2026-01-02
test003,Yoga for Beginners,Sample Channel,2026-01-01T12:00:00Z,80000,4200,180,DE,2026-01-02
test004,Daily News Update,Sample Channel,2026-01-01T12:00:00Z,200000,3000,500,DE,2026-01-02
test005,Strength Training Basics,Sample Channel,2026-01-01T12:00:00Z,110000,5800,260,DE,2026-01-02
test006,How to Lose Weight Safely,Sample Channel,2026-01-01T12:00:00Z,100000,4900,300,DE,2026-01-02
test007,Music Live Session,Sample Channel,2026-01-01T12:00:00Z,500000,12000,900,DE,2026-01-02
test008,Pilates Core Routine,Sample Channel,2026-01-01T12:00:00Z,70000,4000,150,DE,2026-01-02
test009,Creatine Explained,Sample Channel,2026-01-01T12:00:00Z,60000,3500,170,DE,2026-01-02
test010,Football Highlights,Sample Channel,2026-01-01T12:00:00Z,300000,9000,700,DE,2026-01-02
test011,Morning Stretch Mobility,Sample Channel,2026-01-01T12:00:00Z,65000,3100,130,DE,2026-01-02
test012,Easy Healthy Food Prep,Sample Channel,2026-01-01T12:00:00Z,75000,3600,160,DE,2026-01-02
test013,10 Minute Home Workout,Sample Channel,2026-01-01T12:00:00Z,150000,9000,500,IN,2026-01-02
test014,Weight Loss Exercise,Sample Channel,2026-01-01T12:00:00Z,140000,8500,480,IN,2026-01-02
test015,High Protein Meal Prep,Sample Channel,2026-01-01T12:00:00Z,130000,7000,350,IN,2026-01-02
test016,Yoga Morning Routine,Sample Channel,2026-01-01T12:00:00Z,160000,9500,600,IN,2026-01-02
test017,Movie Trailer,Sample Channel,2026-01-01T12:00:00Z,800000,20000,1500,IN,2026-01-02
test018,Gym Motivation Training,Sample Channel,2026-01-01T12:00:00Z,170000,10000,550,IN,2026-01-02
test019,Healthy Diet Tips,Sample Channel,2026-01-01T12:00:00Z,125000,7200,390,IN,2026-01-02
test020,Cricket Highlights,Sample Channel,2026-01-01T12:00:00Z,900000,25000,2000,IN,2026-01-02
test021,Six Pack Abs Workout,Sample Channel,2026-01-01T12:00:00Z,180000,11000,610,IN,2026-01-02
test022,Meditation for Sleep,Sample Channel,2026-01-01T12:00:00Z,115000,6500,300,IN,2026-01-02
test023,Strength Exercise at Home,Sample Channel,2026-01-01T12:00:00Z,145000,8200,420,IN,2026-01-02
test024,New Song Release,Sample Channel,2026-01-01T12:00:00Z,700000,18000,1400,IN,2026-01-02
test025,Fitness Workout at Home,Sample Channel,2026-01-01T12:00:00Z,100000,7000,450,PK,2026-01-02
test026,Healthy Diet Plan,Sample Channel,2026-01-01T12:00:00Z,95000,6000,300,PK,2026-01-02
test027,Lose Weight Workout,Sample Channel,2026-01-01T12:00:00Z,105000,7500,470,PK,2026-01-02
test028,Yoga Stretch Routine,Sample Channel,2026-01-01T12:00:00Z,80000,5200,250,PK,2026-01-02
test029,Drama Episode,Sample Channel,2026-01-01T12:00:00Z,600000,15000,1200,PK,2026-01-02
test030,Protein Diet Guide,Sample Channel,2026-01-01T12:00:00Z,90000,5900,280,PK,2026-01-02
test031,Gym Strength Training,Sample Channel,2026-01-01T12:00:00Z,110000,7800,500,PK,2026-01-02
test032,News Headlines,Sample Channel,2026-01-01T12:00:00Z,250000,4000,650,PK,2026-01-02
test033,Body Transformation Tips,Sample Channel,2026-01-01T12:00:00Z,85000,5600,310,PK,2026-01-02
test034,Meditation Wellness,Sample Channel,2026-01-01T12:00:00Z,70000,4700,220,PK,2026-01-02
test035,Cardio Exercise Routine,Sample Channel,2026-01-01T12:00:00Z,92000,6100,330,PK,2026-01-02
test036,Music Performance,Sample Channel,2026-01-01T12:00:00Z,400000,12000,900,PK,2026-01-02
